{
  "test_accuracy": 0.8696939782823297,
  "test_precision": 0.5836431226765799,
  "test_recall": 0.8870056497175142,
  "test_f1": 0.7040358744394619,
  "test_roc_auc": 0.9447530613899926
}